{"cameraMode":{"drawMode":0,"name":"Shaded","section":"Shading Mode"},"sceneLighting":true,"audioPlay":false,"sceneViewState":{"showFog":true,"showMaterialUpdate":false,"showSkybox":true,"showFlares":true,"showImageEffects":true,"showParticleSystems":true},"in2DMode":false,"pivot":{"x":-1.7843666076660157,"y":10.997337341308594,"z":-6.643621444702148},"rotation":{"x":0.22108635306358338,"y":0.7715404629707336,"z":0.35682767629623415,"w":-0.4780379831790924},"size":12.924966812133789,"orthographic":false}