{"cameraMode":{"drawMode":0,"name":"Shaded","section":"Shading Mode"},"sceneLighting":true,"audioPlay":false,"sceneViewState":{"showFog":true,"showMaterialUpdate":false,"showSkybox":true,"showFlares":true,"showImageEffects":true,"showParticleSystems":true},"in2DMode":false,"pivot":{"x":2.705658197402954,"y":2.4701943397521974,"z":-0.3719196617603302},"rotation":{"x":-0.006786614190787077,"y":-0.9798762202262878,"z":0.03382088243961334,"w":-0.1966029554605484},"size":0.42973411083221438,"orthographic":false}