{"cameraMode":{"drawMode":0,"name":"Shaded","section":"Shading Mode"},"sceneLighting":false,"audioPlay":false,"sceneViewState":{"showFog":true,"showMaterialUpdate":false,"showSkybox":true,"showFlares":true,"showImageEffects":true,"showParticleSystems":true},"in2DMode":false,"pivot":{"x":3.573126464337346e29,"y":5.4834625701042729e23,"z":5.953203705175471e29},"rotation":{"x":0.9423084855079651,"y":-0.05350648611783981,"z":-0.1834482103586197,"w":-0.2748427987098694},"size":0.29776889085769656,"orthographic":false}