{"cameraMode":{"drawMode":0,"name":"Shaded","section":"Shading Mode"},"sceneLighting":false,"audioPlay":false,"sceneViewState":{"showFog":true,"showMaterialUpdate":false,"showSkybox":false,"showFlares":true,"showImageEffects":true,"showParticleSystems":true},"in2DMode":false,"pivot":{"x":-2.9744515419006349,"y":-13.468541145324707,"z":12.605567932128907},"rotation":{"x":-0.3254290819168091,"y":0.21167629957199098,"z":-0.07499665021896362,"w":-0.9185121655464172},"size":24.137969970703126,"orthographic":false}