{"cameraMode":{"drawMode":0,"name":"Shaded","section":"Shading Mode"},"sceneLighting":true,"audioPlay":false,"sceneViewState":{"showFog":true,"showMaterialUpdate":false,"showSkybox":true,"showFlares":true,"showImageEffects":true,"showParticleSystems":true},"in2DMode":false,"pivot":{"x":10.551982879638672,"y":-2.074138641357422,"z":2.56949520111084},"rotation":{"x":0.14942853152751923,"y":0.47148844599723818,"z":-0.08142120391130448,"w":0.8652978539466858},"size":14.84801197052002,"orthographic":false}