{"cameraMode":{"drawMode":0,"name":"Shaded","section":"Shading Mode"},"sceneLighting":true,"audioPlay":false,"sceneViewState":{"showFog":true,"showMaterialUpdate":false,"showSkybox":true,"showFlares":true,"showImageEffects":true,"showParticleSystems":true},"in2DMode":false,"pivot":{"x":3.5417215824127199,"y":5.402059555053711,"z":-1.4667787551879883},"rotation":{"x":-0.052258916199207309,"y":0.39750441908836367,"z":-0.02268228493630886,"w":-0.915830135345459},"size":15.181446075439454,"orthographic":false}